{
  "USDJPY_JPY": {
    "USDJPY_JPY": 0.00938594,
    "EURJPY_JPY": 0.00437026,
    "GBPJPY_JPY": 0.0053964,
    "CHFJPY_JPY": 0.00341311,
    "AUDJPY_JPY": 0.00636621,
    "NZDJPY_JPY": 0.00537405,
    "ZARJPY_JPY": 0.007454,
    "TRYJPY_JPY": 0.00959756,
    "MXNJPY_JPY": 0.00911707,
    "CZKJPY_JPY": 0.00387297,
    "HUFJPY_JPY": 0.00425461,
    "PLNJPY_JPY": 0.00439681,
    "CADJPY_JPY": 0.00735716,
    "SGDJPY_JPY": 0.00638884,
    "NOKJPY_JPY": 0.0055791,
    "SEKJPY_JPY": 0.00400579,
    "TOPIX_JPY": -0.00093258,
    "SP500_JPY": 0.01452162
  },
  "EURJPY_JPY": {
    "USDJPY_JPY": 0.00437026,
    "EURJPY_JPY": 0.00545359,
    "GBPJPY_JPY": 0.00485399,
    "CHFJPY_JPY": 0.00416791,
    "AUDJPY_JPY": 0.00547542,
    "NZDJPY_JPY": 0.00526308,
    "ZARJPY_JPY": 0.00529814,
    "TRYJPY_JPY": 0.00473881,
    "MXNJPY_JPY": 0.00652725,
    "CZKJPY_JPY": 0.0054747,
    "HUFJPY_JPY": 0.00582502,
    "PLNJPY_JPY": 0.00595204,
    "CADJPY_JPY": 0.0047023,
    "SGDJPY_JPY": 0.00447971,
    "NOKJPY_JPY": 0.00542208,
    "SEKJPY_JPY": 0.00550118,
    "TOPIX_JPY": 0.00072606,
    "SP500_JPY": 0.00767138
  },
  "GBPJPY_JPY": {
    "USDJPY_JPY": 0.0053964,
    "EURJPY_JPY": 0.00485399,
    "GBPJPY_JPY": 0.00652523,
    "CHFJPY_JPY": 0.00341966,
    "AUDJPY_JPY": 0.00670398,
    "NZDJPY_JPY": 0.00624519,
    "ZARJPY_JPY": 0.00677346,
    "TRYJPY_JPY": 0.00552875,
    "MXNJPY_JPY": 0.00794975,
    "CZKJPY_JPY": 0.00490846,
    "HUFJPY_JPY": 0.0055995,
    "PLNJPY_JPY": 0.00564953,
    "CADJPY_JPY": 0.00541812,
    "SGDJPY_JPY": 0.00506566,
    "NOKJPY_JPY": 0.00642623,
    "SEKJPY_JPY": 0.00558494,
    "TOPIX_JPY": 0.00179891,
    "SP500_JPY": 0.01165908
  },
  "CHFJPY_JPY": {
    "USDJPY_JPY": 0.00341311,
    "EURJPY_JPY": 0.00416791,
    "GBPJPY_JPY": 0.00341966,
    "CHFJPY_JPY": 0.0053126,
    "AUDJPY_JPY": 0.00343101,
    "NZDJPY_JPY": 0.00355417,
    "ZARJPY_JPY": 0.0032797,
    "TRYJPY_JPY": 0.00351319,
    "MXNJPY_JPY": 0.00424901,
    "CZKJPY_JPY": 0.00404127,
    "HUFJPY_JPY": 0.00391598,
    "PLNJPY_JPY": 0.00419025,
    "CADJPY_JPY": 0.003636,
    "SGDJPY_JPY": 0.00328996,
    "NOKJPY_JPY": 0.003338,
    "SEKJPY_JPY": 0.00394775,
    "TOPIX_JPY": 0.00238201,
    "SP500_JPY": 0.00334145
  },
  "AUDJPY_JPY": {
    "USDJPY_JPY": 0.00636621,
    "EURJPY_JPY": 0.00547542,
    "GBPJPY_JPY": 0.00670398,
    "CHFJPY_JPY": 0.00343101,
    "AUDJPY_JPY": 0.01215248,
    "NZDJPY_JPY": 0.0102474,
    "ZARJPY_JPY": 0.0098452,
    "TRYJPY_JPY": 0.00661182,
    "MXNJPY_JPY": 0.01132621,
    "CZKJPY_JPY": 0.00589204,
    "HUFJPY_JPY": 0.00678068,
    "PLNJPY_JPY": 0.00676808,
    "CADJPY_JPY": 0.00766609,
    "SGDJPY_JPY": 0.00666063,
    "NOKJPY_JPY": 0.00946601,
    "SEKJPY_JPY": 0.00696403,
    "TOPIX_JPY": 0.00211939,
    "SP500_JPY": 0.01948718
  },
  "NZDJPY_JPY": {
    "USDJPY_JPY": 0.00537405,
    "EURJPY_JPY": 0.00526308,
    "GBPJPY_JPY": 0.00624519,
    "CHFJPY_JPY": 0.00355417,
    "AUDJPY_JPY": 0.0102474,
    "NZDJPY_JPY": 0.01004993,
    "ZARJPY_JPY": 0.00831379,
    "TRYJPY_JPY": 0.00563082,
    "MXNJPY_JPY": 0.00948833,
    "CZKJPY_JPY": 0.00558448,
    "HUFJPY_JPY": 0.0061514,
    "PLNJPY_JPY": 0.0062893,
    "CADJPY_JPY": 0.00663724,
    "SGDJPY_JPY": 0.00586725,
    "NOKJPY_JPY": 0.0083407,
    "SEKJPY_JPY": 0.00666315,
    "TOPIX_JPY": 0.00272158,
    "SP500_JPY": 0.01517898
  },
  "ZARJPY_JPY": {
    "USDJPY_JPY": 0.007454,
    "EURJPY_JPY": 0.00529814,
    "GBPJPY_JPY": 0.00677346,
    "CHFJPY_JPY": 0.0032797,
    "AUDJPY_JPY": 0.0098452,
    "NZDJPY_JPY": 0.00831379,
    "ZARJPY_JPY": 0.01608309,
    "TRYJPY_JPY": 0.00776685,
    "MXNJPY_JPY": 0.01232344,
    "CZKJPY_JPY": 0.00553381,
    "HUFJPY_JPY": 0.00617686,
    "PLNJPY_JPY": 0.00635847,
    "CADJPY_JPY": 0.0076442,
    "SGDJPY_JPY": 0.0070797,
    "NOKJPY_JPY": 0.00888903,
    "SEKJPY_JPY": 0.00611851,
    "TOPIX_JPY": 0.00037548,
    "SP500_JPY": 0.01921333
  },
  "TRYJPY_JPY": {
    "USDJPY_JPY": 0.00959756,
    "EURJPY_JPY": 0.00473881,
    "GBPJPY_JPY": 0.00552875,
    "CHFJPY_JPY": 0.00351319,
    "AUDJPY_JPY": 0.00661182,
    "NZDJPY_JPY": 0.00563082,
    "ZARJPY_JPY": 0.00776685,
    "TRYJPY_JPY": 0.01228417,
    "MXNJPY_JPY": 0.00968824,
    "CZKJPY_JPY": 0.00416396,
    "HUFJPY_JPY": 0.00478006,
    "PLNJPY_JPY": 0.00486303,
    "CADJPY_JPY": 0.00764051,
    "SGDJPY_JPY": 0.00657661,
    "NOKJPY_JPY": 0.00574321,
    "SEKJPY_JPY": 0.00439097,
    "TOPIX_JPY": -0.00138597,
    "SP500_JPY": 0.01504197
  },
  "MXNJPY_JPY": {
    "USDJPY_JPY": 0.00911707,
    "EURJPY_JPY": 0.00652725,
    "GBPJPY_JPY": 0.00794975,
    "CHFJPY_JPY": 0.00424901,
    "AUDJPY_JPY": 0.01132621,
    "NZDJPY_JPY": 0.00948833,
    "ZARJPY_JPY": 0.01232344,
    "TRYJPY_JPY": 0.00968824,
    "MXNJPY_JPY": 0.01743268,
    "CZKJPY_JPY": 0.00671215,
    "HUFJPY_JPY": 0.00765056,
    "PLNJPY_JPY": 0.00784551,
    "CADJPY_JPY": 0.0094692,
    "SGDJPY_JPY": 0.0078828,
    "NOKJPY_JPY": 0.01013546,
    "SEKJPY_JPY": 0.00727022,
    "TOPIX_JPY": -0.00092714,
    "SP500_JPY": 0.02150605
  },
  "CZKJPY_JPY": {
    "USDJPY_JPY": 0.00387297,
    "EURJPY_JPY": 0.0054747,
    "GBPJPY_JPY": 0.00490846,
    "CHFJPY_JPY": 0.00404127,
    "AUDJPY_JPY": 0.00589204,
    "NZDJPY_JPY": 0.00558448,
    "ZARJPY_JPY": 0.00553381,
    "TRYJPY_JPY": 0.00416396,
    "MXNJPY_JPY": 0.00671215,
    "CZKJPY_JPY": 0.00655508,
    "HUFJPY_JPY": 0.00642381,
    "PLNJPY_JPY": 0.00651413,
    "CADJPY_JPY": 0.00447147,
    "SGDJPY_JPY": 0.00437099,
    "NOKJPY_JPY": 0.0056116,
    "SEKJPY_JPY": 0.00578602,
    "TOPIX_JPY": 0.00122539,
    "SP500_JPY": 0.00880702
  },
  "HUFJPY_JPY": {
    "USDJPY_JPY": 0.00425461,
    "EURJPY_JPY": 0.00582502,
    "GBPJPY_JPY": 0.0055995,
    "CHFJPY_JPY": 0.00391598,
    "AUDJPY_JPY": 0.00678068,
    "NZDJPY_JPY": 0.0061514,
    "ZARJPY_JPY": 0.00617686,
    "TRYJPY_JPY": 0.00478006,
    "MXNJPY_JPY": 0.00765056,
    "CZKJPY_JPY": 0.00642381,
    "HUFJPY_JPY": 0.00815603,
    "PLNJPY_JPY": 0.00739536,
    "CADJPY_JPY": 0.00490502,
    "SGDJPY_JPY": 0.00482159,
    "NOKJPY_JPY": 0.00632643,
    "SEKJPY_JPY": 0.00633784,
    "TOPIX_JPY": 0.00171422,
    "SP500_JPY": 0.01041829
  },
  "PLNJPY_JPY": {
    "USDJPY_JPY": 0.00439681,
    "EURJPY_JPY": 0.00595204,
    "GBPJPY_JPY": 0.00564953,
    "CHFJPY_JPY": 0.00419025,
    "AUDJPY_JPY": 0.00676808,
    "NZDJPY_JPY": 0.0062893,
    "ZARJPY_JPY": 0.00635847,
    "TRYJPY_JPY": 0.00486303,
    "MXNJPY_JPY": 0.00784551,
    "CZKJPY_JPY": 0.00651413,
    "HUFJPY_JPY": 0.00739536,
    "PLNJPY_JPY": 0.00820662,
    "CADJPY_JPY": 0.00494073,
    "SGDJPY_JPY": 0.00496588,
    "NOKJPY_JPY": 0.00649366,
    "SEKJPY_JPY": 0.00667283,
    "TOPIX_JPY": 0.00218259,
    "SP500_JPY": 0.01029477
  },
  "CADJPY_JPY": {
    "USDJPY_JPY": 0.00735716,
    "EURJPY_JPY": 0.0047023,
    "GBPJPY_JPY": 0.00541812,
    "CHFJPY_JPY": 0.003636,
    "AUDJPY_JPY": 0.00766609,
    "NZDJPY_JPY": 0.00663724,
    "ZARJPY_JPY": 0.0076442,
    "TRYJPY_JPY": 0.00764051,
    "MXNJPY_JPY": 0.0094692,
    "CZKJPY_JPY": 0.00447147,
    "HUFJPY_JPY": 0.00490502,
    "PLNJPY_JPY": 0.00494073,
    "CADJPY_JPY": 0.0081921,
    "SGDJPY_JPY": 0.00606836,
    "NOKJPY_JPY": 0.00659303,
    "SEKJPY_JPY": 0.00502529,
    "TOPIX_JPY": -0.00133514,
    "SP500_JPY": 0.01432615
  },
  "SGDJPY_JPY": {
    "USDJPY_JPY": 0.00638884,
    "EURJPY_JPY": 0.00447971,
    "GBPJPY_JPY": 0.00506566,
    "CHFJPY_JPY": 0.00328996,
    "AUDJPY_JPY": 0.00666063,
    "NZDJPY_JPY": 0.00586725,
    "ZARJPY_JPY": 0.0070797,
    "TRYJPY_JPY": 0.00657661,
    "MXNJPY_JPY": 0.0078828,
    "CZKJPY_JPY": 0.00437099,
    "HUFJPY_JPY": 0.00482159,
    "PLNJPY_JPY": 0.00496588,
    "CADJPY_JPY": 0.00606836,
    "SGDJPY_JPY": 0.00569439,
    "NOKJPY_JPY": 0.00578196,
    "SEKJPY_JPY": 0.00470783,
    "TOPIX_JPY": -0.00037284,
    "SP500_JPY": 0.01254128
  },
  "NOKJPY_JPY": {
    "USDJPY_JPY": 0.0055791,
    "EURJPY_JPY": 0.00542208,
    "GBPJPY_JPY": 0.00642623,
    "CHFJPY_JPY": 0.003338,
    "AUDJPY_JPY": 0.00946601,
    "NZDJPY_JPY": 0.0083407,